"Task ID","Item","Priority","Status","Retry Count","Price","Error","Last Updated"
"e78e1170-8e52-4c7c-8a91-07cc6463906d","Microphone","URGENT","DEAD","3","49.50","invalid payment method","2026-06-27T05:16:32"
"2eb3a618-85ba-49a0-8536-8a19d6c1f7b5","Router","URGENT","DEAD","3","48.86","inventory check failed","2026-06-27T04:55:09"
"c1c721f5-12d4-41c5-8a13-53bd0537ebfa","Mouse","URGENT","DEAD","3","6.25","rate limit exceeded","2026-06-27T03:28:18"
"e6c950ae-3980-4887-acb0-c96e3d5e52ad","RAM Kit","URGENT","DEAD","3","34.06","timeout after 30s","2026-06-27T03:08:24"
"119e8da6-a818-4051-9ea8-2a22cc9587f0","Mouse","URGENT","DEAD","3","8.37","rate limit exceeded","2026-06-27T00:22:17"
"d94d095c-6c34-474a-a472-1d8d1787706c","Mechanical Keyboard","URGENT","DEAD","3","4.48","invalid payment method","2026-06-27T00:11:09"
"91170c8c-0a95-48eb-90d4-6f03e9fa0813","Router","URGENT","DEAD","3","50.17","rate limit exceeded","2026-06-26T20:31:35"
"5a7671db-2826-4127-8814-8ffbc317fbfe","Mechanical Keyboard","URGENT","DEAD","3","11.91","invalid payment method","2026-06-26T20:28:56"
"2ee8e573-b39e-49a7-bc4f-6ec771792b70","RAM Kit","URGENT","DEAD","3","18.95","inventory check failed","2026-06-26T18:28:03"
"7ed14025-5aba-4d91-85d4-317c307de186","Router","URGENT","DEAD","3","54.74","invalid payment method","2026-06-26T07:35:50"
"bc6e6173-8cef-4f68-a8d4-a2a67ed812f6","Laptop","URGENT","DEAD","3","72.88","timeout after 30s","2026-06-26T07:10:28"
"a52ff6cc-67e8-40e6-8c8f-a65f70b5c3de","Laptop","URGENT","DEAD","3","36.88","downstream service unavailable","2026-06-26T03:32:44"
"89426e14-53f0-4d04-9b8a-ed57065c5dfa","RAM Kit","URGENT","DEAD","3","58.40","timeout after 30s","2026-06-26T03:12:21"
"43fb7b32-71a8-4221-975a-21208580e15b","Headphones","URGENT","DEAD","3","47.78","rate limit exceeded","2026-06-26T01:51:30"
"794b5ea1-6ef5-4f13-8fa0-a661deb5d901","4K Monitor","URGENT","DEAD","3","32.65","inventory check failed","2026-06-26T01:38:27"
"bcb65702-379e-4b56-8d02-8198638690dd","USB-C Hub","URGENT","DEAD","3","5.27","downstream service unavailable","2026-06-26T01:37:31"
"cbfcd285-e573-40ef-bbdc-93686e8066d5","GPU","URGENT","DEAD","3","365.72","inventory check failed","2026-06-26T00:32:15"
"e33b4aa0-dca4-4f7b-b961-1f105ae65734","Thunderbolt Hub","URGENT","DEAD","3","36.52","inventory check failed","2026-06-25T23:27:57"
"d7d3e356-7f37-486d-8eaf-5474b797e53d","Speaker","URGENT","DEAD","3","51.95","inventory check failed","2026-06-25T22:05:14"
"b8947fd7-4958-4544-95c6-9b6c91d8566a","RAM Kit","URGENT","DEAD","3","42.87","downstream service unavailable","2026-06-25T19:08:48"
"60ac6996-7279-4904-91c5-c4c6febb48fe","Speaker","URGENT","DEAD","3","31.14","rate limit exceeded","2026-06-25T18:28:56"
"6fb88e9c-a81e-4f80-a36e-3665881e4acf","Laptop","URGENT","DEAD","3","202.35","invalid payment method","2026-06-25T18:18:20"
"76c71413-0e9e-4827-86bd-66a0d179a2a1","GPU","URGENT","DEAD","3","76.16","downstream service unavailable","2026-06-25T18:06:48"
"bc461cd6-013e-44e7-b544-6cae8d46131d","Microphone","URGENT","DEAD","3","44.42","timeout after 30s","2026-06-25T10:59:35"
"cf12d81e-0768-49c3-8179-1da0dab73870","Headphones","URGENT","DEAD","3","17.07","rate limit exceeded","2026-06-25T10:24:02"
"f50f2d43-d0a4-4360-b3c9-7fb5ca316a57","Webcam","URGENT","DEAD","3","32.54","inventory check failed","2026-06-25T10:16:49"
"a32b68cc-0c3f-494b-a0c0-098a7f81ee2c","Thunderbolt Hub","URGENT","DEAD","3","58.19","invalid payment method","2026-06-25T09:11:59"
"99689d69-9fae-4bd1-9738-465f44db258e","Thunderbolt Hub","URGENT","DEAD","3","80.25","inventory check failed","2026-06-25T08:39:26"
"0e23c53d-1e35-444f-bac6-411ee037a93f","RAM Kit","URGENT","DEAD","3","20.48","timeout after 30s","2026-06-25T04:41:24"
"bb996e26-974d-45cd-b777-bf11e103329e","Router","URGENT","DEAD","3","39.28","timeout after 30s","2026-06-25T01:57:58"
"549a53b7-65c9-49d3-9b0e-c9f6dd5903bb","Mechanical Keyboard","URGENT","DEAD","3","10.33","timeout after 30s","2026-06-24T21:34:58"
"afc49d5c-50de-450d-9c3a-cbacc06cc3f2","Laptop","URGENT","DEAD","3","240.97","invalid payment method","2026-06-24T20:49:39"
"1a0c6ef2-7a0b-4a90-b6b2-fb84ce134942","Docking Station","URGENT","DEAD","3","60.14","rate limit exceeded","2026-06-24T20:44:22"
"084bd13d-d21a-40cd-9318-c145f1abe8b7","Router","URGENT","DEAD","3","33.79","inventory check failed","2026-06-24T19:17:00"
"26007de1-b088-4783-b639-90144b40f312","Speaker","URGENT","DEAD","3","8.60","invalid payment method","2026-06-24T19:05:54"
"ef3faa9a-1714-41b5-8317-53e516a39005","USB-C Hub","URGENT","DEAD","3","13.67","invalid payment method","2026-06-24T18:02:13"
"7e72871d-1711-41cc-87fd-5830830eaf1f","Speaker","URGENT","DEAD","3","23.07","invalid payment method","2026-06-24T17:21:10"
"b9565497-f98e-48c6-9692-68786a53460f","Thunderbolt Hub","URGENT","DEAD","3","81.67","downstream service unavailable","2026-06-24T17:17:28"
"d104ef09-8b8a-4711-b762-7fff464cb46e","GPU","URGENT","DEAD","3","237.50","rate limit exceeded","2026-06-24T11:12:38"
"5da617e9-a7c9-47a6-977b-1391b5f975b5","Laptop","URGENT","DEAD","3","42.28","invalid payment method","2026-06-24T10:18:34"
"ee1fa6fe-00c9-457f-a81d-a9210cfe826e","4K Monitor","URGENT","DEAD","3","25.71","timeout after 30s","2026-06-24T07:25:00"
"84ce0f11-8ae4-4f66-820a-1428f7f8e84d","USB-C Hub","URGENT","DEAD","3","14.45","downstream service unavailable","2026-06-22T13:28:37"
"5e271255-0a17-4191-897a-26856205c8d2","Thunderbolt Hub","URGENT","DEAD","3","52.86","rate limit exceeded","2026-05-31T19:49:21"
"015ae8d1-1cc3-48dc-a548-415ab5b63095","Headphones","URGENT","DEAD","3","19.31","invalid payment method","2026-05-30T21:02:23"
"684328e9-d49f-4657-aa8b-d1d392873457","Thunderbolt Hub","URGENT","DEAD","3","43.03","timeout after 30s","2026-06-16T14:22:20"
"4e8dc22c-7adb-4424-b4db-4dfa3649a644","GPU","URGENT","DEAD","3","74.28","timeout after 30s","2026-05-29T22:54:47"
"ada78fd6-bb9c-479c-8b7d-69c7db8229fb","GPU","URGENT","DEAD","3","92.59","inventory check failed","2026-05-29T17:29:48"
"3c78f3b2-f22d-4912-b97a-9d90e2ff42c7","Laptop","URGENT","DEAD","3","180.29","downstream service unavailable","2026-06-13T07:59:42"
"2a2987ba-00af-49fc-9edf-20fce77f7e1e","USB-C Hub","URGENT","DEAD","3","13.61","invalid payment method","2026-06-26T17:51:02"
"bd991427-5efb-4de3-aa8a-e608543c54f4","Speaker","URGENT","DEAD","3","71.62","invalid payment method","2026-06-04T18:33:30"
"cdc8dbb6-8612-444b-8be9-56b9468fe664","4K Monitor","URGENT","DEAD","3","142.01","inventory check failed","2026-05-28T12:43:32"
"ea87128c-eded-4f87-aae6-9432648a9383","Docking Station","URGENT","DEAD","3","98.66","inventory check failed","2026-05-30T15:03:58"
"5a77ac42-5725-4ac0-bd2b-e23f0ecf456d","SSD","URGENT","DEAD","3","46.16","downstream service unavailable","2026-06-12T04:01:18"
"d3e49063-a1a6-4dae-9a8b-105ff2fd1402","Docking Station","URGENT","DEAD","3","24.72","invalid payment method","2026-06-04T00:48:05"
"f668d685-1206-4476-84ab-3e8f4074808d","USB-C Hub","URGENT","DEAD","3","4.52","invalid payment method","2026-06-22T22:33:40"
"3404b572-faf5-49ad-9627-2065339c1382","RAM Kit","URGENT","DEAD","3","8.68","timeout after 30s","2026-06-02T12:25:31"
"d5805cde-fbfd-42ef-bf8b-e35c4fd9af34","4K Monitor","URGENT","DEAD","3","148.47","rate limit exceeded","2026-05-30T23:22:44"
"a36849e9-ef3b-45b3-a4ed-94478212c761","Thunderbolt Hub","URGENT","DEAD","3","100.50","inventory check failed","2026-06-23T23:01:24"
"c6d2edee-bd51-4eb7-a2c1-59e077fabc0f","Microphone","URGENT","DEAD","3","37.88","inventory check failed","2026-06-02T22:32:15"
"59d7590b-ff7d-43dd-9b27-b2ae0b893d5f","Laptop","URGENT","DEAD","3","36.07","rate limit exceeded","2026-06-09T01:13:25"
"4508f136-8532-403b-9506-4200eacad3bf","Thunderbolt Hub","URGENT","DEAD","3","49.98","rate limit exceeded","2026-06-10T09:41:18"
"83dfad87-978c-4687-913d-e64a19893fcb","GPU","URGENT","DEAD","3","471.56","invalid payment method","2026-06-20T18:06:52"
"aae1aeb3-45bc-4dd3-8f66-8a8d94411be1","USB-C Hub","URGENT","DEAD","3","12.02","downstream service unavailable","2026-06-23T05:47:11"
"9f637645-5cdd-4a71-8e6b-6e61fd5a3823","Docking Station","URGENT","DEAD","3","112.20","invalid payment method","2026-06-03T12:30:52"
"43d234fd-24bc-4d84-939e-b3dfb4d8f38b","4K Monitor","URGENT","DEAD","3","223.95","downstream service unavailable","2026-06-07T02:06:43"
"5d545abd-8d73-4ba1-8617-92c469197e01","Thunderbolt Hub","URGENT","DEAD","3","71.70","rate limit exceeded","2026-06-14T05:49:06"
"55d5ca4d-c008-4f4f-baa2-1e04623ad161","USB-C Hub","URGENT","DEAD","3","8.91","timeout after 30s","2026-06-03T00:29:39"
"190ead13-00d1-4ba2-8d18-48f074fdb577","Laptop","URGENT","DEAD","3","230.96","rate limit exceeded","2026-06-16T21:22:42"
"d197df84-52b6-42c7-81fd-40d8f6fba4a6","Router","URGENT","DEAD","3","22.19","timeout after 30s","2026-06-20T02:30:56"
"8a4d201c-a87e-4063-a743-d797d90ba1a1","USB-C Hub","URGENT","DEAD","3","11.36","downstream service unavailable","2026-06-12T23:23:43"
"8142ba75-15e3-4f3d-9cfa-b4a802bc4b04","Router","URGENT","DEAD","3","20.78","rate limit exceeded","2026-06-19T19:17:33"
"553c58c9-6179-427f-b235-e507dfc29634","Docking Station","URGENT","DEAD","3","54.89","timeout after 30s","2026-06-17T11:36:03"
"5ba81113-eb8e-455b-9071-02da48c9fa85","USB-C Hub","URGENT","DEAD","3","13.13","invalid payment method","2026-06-26T12:56:03"
"2a4fb4b4-92cb-4f76-b8ef-3e7e940e22c6","Docking Station","URGENT","DEAD","3","80.79","invalid payment method","2026-06-08T11:44:54"
"dcf3a530-68af-4b20-9830-168feeffc64d","Router","URGENT","DEAD","3","34.44","downstream service unavailable","2026-05-31T18:28:09"
"ffef2792-a5aa-41ee-9a92-10f98b0b8ee5","USB-C Hub","URGENT","DEAD","3","13.14","timeout after 30s","2026-06-13T23:31:23"
"e4ae21ef-ba9a-4b38-939e-9d95b560809c","Speaker","URGENT","DEAD","3","96.62","inventory check failed","2026-06-23T02:38:21"
"23a389f8-2047-4080-9f83-2c717150b2e4","Docking Station","URGENT","DEAD","3","53.63","invalid payment method","2026-06-13T22:42:35"
"b3fe748b-1379-424a-b3c2-bb6bff6b77d2","GPU","URGENT","DEAD","3","230.89","rate limit exceeded","2026-06-19T06:56:27"
"95ebc3de-bfdd-4817-892f-b885c70c5be0","SSD","URGENT","DEAD","3","14.77","timeout after 30s","2026-06-16T06:17:29"
"e3bfed2d-c344-44e7-a2f5-9e69475b76e6","Docking Station","URGENT","DEAD","3","35.98","timeout after 30s","2026-06-16T20:00:59"
"494461c9-996a-4a6a-ad2f-18cc6be4ccd0","Laptop","URGENT","DEAD","3","23.55","timeout after 30s","2026-06-04T10:53:34"
"547777bc-c218-4d95-a6e9-ef0645b8f069","SSD","URGENT","DEAD","3","16.07","inventory check failed","2026-05-30T07:53:08"
"5f273dff-65c7-4113-82cb-121d2bcf6b1d","USB-C Hub","URGENT","DEAD","3","12.18","timeout after 30s","2026-06-18T03:13:31"
"380c1907-f9da-418d-a448-d966570f83e4","SSD","URGENT","DEAD","3","44.57","invalid payment method","2026-06-19T13:38:45"
"2fbd019e-2b91-4b97-9ba7-850ed51aaaef","Speaker","URGENT","DEAD","3","14.98","invalid payment method","2026-06-18T14:12:28"
"6ad2c010-3923-42e6-8613-df8d0e0859f3","USB-C Hub","URGENT","DEAD","3","5.83","timeout after 30s","2026-06-04T15:14:10"
"f33da6d5-7f01-4008-adbe-b8200ac93afe","4K Monitor","URGENT","DEAD","3","130.90","downstream service unavailable","2026-06-24T10:08:31"
"0f02ab83-094d-428a-87d1-0b865f3631e6","Thunderbolt Hub","URGENT","DEAD","3","48.40","timeout after 30s","2026-06-10T18:47:37"
"0e91129a-5198-4b94-afda-326855ef29a8","Mechanical Keyboard","URGENT","DEAD","3","11.82","rate limit exceeded","2026-06-08T04:39:16"
"7403a813-acff-41f4-818d-beabc09d6ac7","Speaker","URGENT","DEAD","3","31.91","timeout after 30s","2026-06-23T01:32:35"
"c1182e41-4c1e-488b-a676-23dea6c14c02","RAM Kit","URGENT","DEAD","3","33.38","timeout after 30s","2026-05-29T18:40:03"
"c7da007b-3b91-483f-97b9-818300ca9416","Docking Station","URGENT","DEAD","3","156.32","timeout after 30s","2026-06-06T04:12:10"
"7ffb9f45-83b5-418a-a081-c3b07b42c1c7","GPU","URGENT","DEAD","3","83.54","inventory check failed","2026-06-02T08:01:54"
"010855b5-fdf3-4539-851c-c0d0b3a085b3","Router","URGENT","DEAD","3","26.66","invalid payment method","2026-06-25T23:33:21"
"17fcb8c8-6903-4440-aab7-fd656e6abe98","Mouse","URGENT","DEAD","3","9.02","invalid payment method","2026-06-01T23:00:12"
"c5760a1f-76ac-41ec-b7af-8969e2e592e1","Mechanical Keyboard","URGENT","DEAD","3","12.91","invalid payment method","2026-06-04T23:14:55"
"ccccd9d2-0665-4268-aa1f-09d53fed14e0","USB-C Hub","URGENT","DEAD","3","3.78","rate limit exceeded","2026-06-16T18:39:37"
"a6410505-8c01-48fb-bd76-4582b00dc6a3","Thunderbolt Hub","URGENT","DEAD","3","189.64","rate limit exceeded","2026-06-16T07:18:46"
"91b2371a-cdd5-4156-b8a5-862b7326281f","Thunderbolt Hub","URGENT","DEAD","3","81.06","inventory check failed","2026-06-13T22:37:52"
"750f9dce-234f-4ae2-958d-7ffb3080a84a","USB-C Hub","URGENT","DEAD","3","3.85","timeout after 30s","2026-06-21T19:15:03"
"9a62aba1-b287-4703-b42a-1358b3ca9f83","Router","URGENT","DEAD","3","71.97","inventory check failed","2026-06-07T04:32:33"
"0ef15a32-acaa-494e-ac5c-1110f46cd8c5","USB-C Hub","URGENT","DEAD","3","5.26","timeout after 30s","2026-06-14T01:57:10"
"19344992-d15e-4e26-a944-7983a54beea8","Speaker","URGENT","DEAD","3","50.67","downstream service unavailable","2026-06-22T10:19:48"
"61589f1e-2adc-4d9b-9fd6-d831ec19e45f","Headphones","URGENT","DEAD","3","13.07","rate limit exceeded","2026-06-03T11:04:14"
"a87f2482-3cbb-4096-819b-b9819d470008","SSD","URGENT","DEAD","3","29.04","timeout after 30s","2026-06-25T22:23:34"
"b8578fdb-65e7-4a35-a63d-ab791eb4966f","Speaker","URGENT","DEAD","3","10.87","timeout after 30s","2026-06-19T06:55:43"
"ee7a3919-a109-4520-ac67-c4d23c4d888c","Docking Station","URGENT","DEAD","3","22.27","rate limit exceeded","2026-06-02T17:37:09"
"f02ff41f-2ed2-4823-a464-126bd9341b8b","Mechanical Keyboard","URGENT","DEAD","3","66.41","downstream service unavailable","2026-06-25T19:48:33"
"674fd35f-6094-482f-9dd4-c35e4ae7fb93","Docking Station","URGENT","DEAD","3","128.21","inventory check failed","2026-06-26T15:02:27"
"b351e501-942f-4c9e-8639-ba6ecdebfad0","Router","URGENT","DEAD","3","36.88","downstream service unavailable","2026-06-05T05:15:55"
"ae40e614-bd81-49ee-8f43-537b3cb894e5","Docking Station","URGENT","DEAD","3","17.93","invalid payment method","2026-06-20T08:09:37"
"faa02783-ae59-4f5b-8585-3943034ff807","Thunderbolt Hub","URGENT","DEAD","3","166.00","timeout after 30s","2026-06-21T08:01:51"
"47d34487-a031-4868-a944-44179674fc3a","Router","URGENT","DEAD","3","37.89","rate limit exceeded","2026-06-16T22:10:31"
"0cf1c3e5-3700-46a0-9cbe-efbbee9dcedb","Thunderbolt Hub","URGENT","DEAD","3","116.91","inventory check failed","2026-06-12T20:35:22"
"c442ca9e-1d49-4091-9728-3983fb46fdfe","Laptop","URGENT","DEAD","3","44.18","downstream service unavailable","2026-05-31T22:40:59"
"7f9d9fd9-69a1-4e4d-9583-c96c847dd6f3","Thunderbolt Hub","URGENT","DEAD","3","90.90","downstream service unavailable","2026-06-04T16:03:00"
"9130fc9b-1a43-40b8-b623-6fd2e3ce5178","Thunderbolt Hub","URGENT","DEAD","3","67.25","invalid payment method","2026-06-15T10:59:01"
"044d5c50-ba61-4a90-95f5-9faf39ea7160","4K Monitor","URGENT","DEAD","3","221.58","inventory check failed","2026-06-20T12:48:41"
"ff50a18e-d77f-4968-8a33-012472f93fce","Thunderbolt Hub","URGENT","DEAD","3","123.53","timeout after 30s","2026-06-17T11:23:01"
"5c80e4cf-ebd2-4332-9a34-70f89b1f94fd","USB-C Hub","URGENT","DEAD","3","8.27","timeout after 30s","2026-06-14T00:40:09"
"450b4c22-07ea-4bcb-a29e-4ecb0b206cc3","RAM Kit","URGENT","DEAD","3","17.66","invalid payment method","2026-06-10T08:52:40"
"77b9d08a-c028-49b0-bbac-b242ba83376e","Thunderbolt Hub","URGENT","DEAD","3","119.46","rate limit exceeded","2026-06-20T04:38:45"
"11e93f69-96be-4db9-a774-738fe6c2c736","Speaker","URGENT","DEAD","3","9.44","rate limit exceeded","2026-05-29T18:45:39"
"cc37d7ae-e8ae-4668-a506-696f786b3c55","USB-C Hub","URGENT","DEAD","3","7.03","rate limit exceeded","2026-05-30T20:47:53"
"b9ecc416-0bd8-4d4e-ac97-7d62bea7310e","Webcam","URGENT","DEAD","3","20.92","downstream service unavailable","2026-06-09T09:17:21"
"20c39ca8-6cf4-4a92-baed-0096cf247667","Thunderbolt Hub","URGENT","DEAD","3","109.59","downstream service unavailable","2026-06-07T14:50:30"
"9faecb8d-da98-40cf-bd73-deffeee773bc","Mechanical Keyboard","URGENT","DEAD","3","26.89","timeout after 30s","2026-06-01T06:09:22"
"561e4ccf-7e4f-4cb2-8351-920e2b6644f0","Docking Station","URGENT","DEAD","3","13.38","inventory check failed","2026-06-02T02:37:32"
"ab54b07e-f644-4bf3-9577-87358999ec45","Thunderbolt Hub","URGENT","DEAD","3","154.39","downstream service unavailable","2026-06-17T08:31:30"
"67aaf897-bbea-4aa9-8402-8ae0f697361c","Laptop","URGENT","DEAD","3","32.81","invalid payment method","2026-06-01T11:09:46"
"de03984b-f0c2-40b8-bf9a-58652d7654fc","Mechanical Keyboard","URGENT","DEAD","3","10.77","rate limit exceeded","2026-06-18T03:32:08"
"c494f100-cbdc-4062-9226-d9df027d199e","4K Monitor","URGENT","DEAD","3","139.35","downstream service unavailable","2026-06-22T14:44:11"
"218f595a-fd4c-4d4a-ac5a-5b61d68110c6","SSD","URGENT","DEAD","3","14.30","invalid payment method","2026-06-04T01:00:42"
"bfa2c781-fbda-49fa-9a39-5e4597e8dbd3","Mouse","URGENT","DEAD","3","11.73","rate limit exceeded","2026-06-15T15:10:46"
"4069fb28-c2c3-4384-9618-2bf4d22a87ab","4K Monitor","URGENT","DEAD","3","94.87","timeout after 30s","2026-06-04T14:54:40"
"ae90d53a-b9ae-4b63-86b9-8e6625c09e4f","RAM Kit","URGENT","DEAD","3","5.88","timeout after 30s","2026-06-20T16:31:35"
"7a15217d-98c0-4831-93f7-9075d8212224","Thunderbolt Hub","URGENT","DEAD","3","17.43","inventory check failed","2026-06-16T22:45:58"
"70f83f06-c4f0-4561-afbc-768732552b58","GPU","URGENT","DEAD","3","213.31","rate limit exceeded","2026-06-15T10:24:39"
"fba0accf-f780-40cd-895c-f90e7f077045","4K Monitor","URGENT","DEAD","3","152.46","downstream service unavailable","2026-06-06T04:48:29"
"48b344e5-bfc0-4cca-9c94-608c5285f499","Mechanical Keyboard","URGENT","DEAD","3","54.77","invalid payment method","2026-06-07T21:52:17"
"a2653f6e-0664-4092-829f-17cf33fb11b0","SSD","URGENT","DEAD","3","22.69","invalid payment method","2026-06-19T05:56:01"
"ab593698-1f5a-40be-9c60-7342bb9d51fa","Thunderbolt Hub","URGENT","DEAD","3","60.20","invalid payment method","2026-05-30T06:15:32"
"4375cf72-61dd-440a-b62e-139f59ca598e","Thunderbolt Hub","URGENT","DEAD","3","192.05","inventory check failed","2026-06-13T09:57:50"
"620a219b-1311-4bfb-9ccc-d2cab4356593","Laptop","URGENT","DEAD","3","36.81","rate limit exceeded","2026-05-29T13:54:09"
"e801cd3c-dede-410d-a236-d7d7c2b9e3fb","USB-C Hub","URGENT","DEAD","3","7.41","rate limit exceeded","2026-06-16T22:18:12"
"a50bc53d-15a9-4d2f-b2ae-a1484fadd281","Webcam","URGENT","DEAD","3","22.93","rate limit exceeded","2026-06-21T16:27:18"
"f4daeb34-822d-4fae-9235-9b6f2d2c9a2c","Laptop","URGENT","DEAD","3","96.91","inventory check failed","2026-06-03T18:37:51"
"2965e25d-e3a4-4d81-af43-d9917fd11a4e","Microphone","URGENT","DEAD","3","99.10","rate limit exceeded","2026-06-07T12:59:33"
"a48457a1-329c-4738-9506-e92b3f9f0739","USB-C Hub","URGENT","DEAD","3","14.87","rate limit exceeded","2026-06-01T11:38:34"
"3075cb15-0bbd-405c-b1b1-dab10e577293","Speaker","URGENT","DEAD","3","37.63","invalid payment method","2026-05-29T07:16:49"
"86bf153b-7319-4b22-ace0-18d5be525986","Router","URGENT","DEAD","3","56.33","rate limit exceeded","2026-05-28T12:24:47"
"33e7c8d1-fb99-481e-a547-9b4065c3fd29","Thunderbolt Hub","URGENT","DEAD","3","78.78","timeout after 30s","2026-06-18T18:28:24"
"b1ea6a1a-0c74-485b-ad93-5ffd79a2a083","GPU","URGENT","DEAD","3","540.03","invalid payment method","2026-06-05T07:17:27"
"0e52d60f-b8ac-416c-a66e-40a7870b99eb","Headphones","URGENT","DEAD","3","21.26","downstream service unavailable","2026-06-10T10:10:31"
"670c71f3-ef73-4097-96d2-c05d3b5f6b01","4K Monitor","URGENT","DEAD","3","63.34","timeout after 30s","2026-06-25T10:40:53"
"efee56da-d57f-4279-830d-d5fb022e2829","USB-C Hub","URGENT","DEAD","3","12.35","inventory check failed","2026-06-09T01:25:33"
"171afa2f-5671-433a-b652-d5dff9e683dc","RAM Kit","URGENT","DEAD","3","18.78","timeout after 30s","2026-06-25T15:45:27"
"79c17a4e-151c-4adb-803e-07fb42d35558","Laptop","URGENT","DEAD","3","23.03","invalid payment method","2026-06-04T13:34:49"
"aa6fa093-c81d-4abf-bc42-09f2fdceaa40","4K Monitor","URGENT","DEAD","3","125.27","invalid payment method","2026-06-17T21:27:02"
"733b381c-6d39-4004-bcd3-e37e0ec465bf","4K Monitor","URGENT","DEAD","3","154.85","invalid payment method","2026-06-03T11:53:38"
"9d1367d5-9f54-42c8-afe0-95d925b4ab28","SSD","URGENT","DEAD","3","40.15","inventory check failed","2026-06-22T21:13:04"
"d58d7e01-dad8-423d-8629-b344f3170db3","Headphones","URGENT","DEAD","3","57.67","rate limit exceeded","2026-05-30T06:15:23"
"47caecc8-574a-423c-95d0-3a0739ea0e09","Laptop","URGENT","DEAD","3","158.75","downstream service unavailable","2026-06-20T20:18:31"
"29325d8f-f5e6-45f5-8df1-1b0309e05232","RAM Kit","URGENT","DEAD","3","47.00","invalid payment method","2026-06-27T00:14:07"
"a1321582-d721-47b8-a410-576fc3cc2d24","Thunderbolt Hub","URGENT","DEAD","3","88.33","invalid payment method","2026-06-22T03:59:52"
"aa1f0d1a-7cfd-46d6-8ad3-422f1b7905b6","Thunderbolt Hub","URGENT","DEAD","3","54.14","downstream service unavailable","2026-06-06T02:40:31"
"cd935acc-5dca-477b-a45c-55f9d36758af","SSD","URGENT","DEAD","3","41.19","downstream service unavailable","2026-06-16T08:14:24"
"22cc082c-ffa2-4ca4-a4da-5ddd1e786560","Speaker","URGENT","DEAD","3","30.06","inventory check failed","2026-06-03T15:42:51"
"5a3c521a-a412-4e28-bf63-8a04f3c9a7e0","RAM Kit","URGENT","DEAD","3","9.82","downstream service unavailable","2026-06-05T12:00:21"
"846586c8-ee9b-485b-aa8e-8d4b05145b3d","4K Monitor","URGENT","DEAD","3","132.74","rate limit exceeded","2026-06-20T10:04:39"
"ae0abdf4-5f18-4426-b87f-75f975d8dc85","Microphone","URGENT","DEAD","3","93.64","inventory check failed","2026-06-04T10:54:16"
"fc40a873-6a26-4777-b1b5-9a7a2b68887a","Speaker","URGENT","DEAD","3","95.67","downstream service unavailable","2026-05-28T20:36:30"
"e5cbadd1-ffb2-440d-a285-88267a3d8aee","RAM Kit","URGENT","DEAD","3","21.68","timeout after 30s","2026-06-18T11:16:12"
"d202cb7e-b270-4227-b79e-1e636ec54600","Thunderbolt Hub","URGENT","DEAD","3","49.72","inventory check failed","2026-06-02T06:42:15"
"6c67d434-7d85-423c-84e4-67cc176d5042","Thunderbolt Hub","URGENT","DEAD","3","41.30","rate limit exceeded","2026-06-13T05:08:35"
"efe9b7f2-6111-4fad-87f0-75ab2dd148f6","USB-C Hub","URGENT","DEAD","3","14.22","timeout after 30s","2026-06-25T23:32:56"
"c2795df0-fb19-4976-a05b-e40057498a45","RAM Kit","URGENT","DEAD","3","15.56","timeout after 30s","2026-06-20T23:15:33"
"c7ceed3f-4005-45b3-b876-50b7371ac1da","USB-C Hub","URGENT","DEAD","3","16.33","downstream service unavailable","2026-05-29T13:34:00"
"dcf9e028-610a-45ab-875c-c35d6531153b","4K Monitor","URGENT","DEAD","3","157.43","rate limit exceeded","2026-06-15T21:53:25"
"dff15b6e-51c5-4f8c-9b0e-bd8755550d60","Webcam","URGENT","DEAD","3","16.28","downstream service unavailable","2026-06-04T11:53:41"
"f202aa8b-440b-4b52-92b1-ca2a498bf6cb","USB-C Hub","URGENT","DEAD","3","3.32","inventory check failed","2026-05-31T09:51:38"
"c76bfb0a-d4b4-47eb-b38f-8736d1eb638e","USB-C Hub","URGENT","DEAD","3","10.78","timeout after 30s","2026-06-10T06:54:13"
"d9155673-729f-4dbe-818f-7ab14f85e632","Laptop","URGENT","DEAD","3","48.39","downstream service unavailable","2026-06-09T13:57:28"
"e9738fde-a2e2-4c4b-ad85-e82f4c48cd57","Mechanical Keyboard","URGENT","DEAD","3","45.02","rate limit exceeded","2026-06-26T07:31:40"
"8d86792c-d6a8-47b0-bad5-3861159b10f1","Router","URGENT","DEAD","3","28.13","inventory check failed","2026-06-26T05:22:22"
"31b737e8-128f-48bc-b1be-afd8124f1e1e","4K Monitor","URGENT","DEAD","3","45.26","timeout after 30s","2026-06-24T01:03:06"
"ec607c86-f8f0-42d8-8a5e-c3ba0bc6adb5","Webcam","URGENT","DEAD","3","26.37","downstream service unavailable","2026-06-15T17:28:02"
"6218420c-9e20-45c9-b1b4-011ca9775704","Speaker","URGENT","DEAD","3","6.82","rate limit exceeded","2026-06-13T12:25:55"
"bad2a204-1efc-43c5-8d86-8e031121a7ba","GPU","URGENT","DEAD","3","201.13","invalid payment method","2026-06-24T21:36:58"
"5f2c90dc-c285-4174-b109-1906bdda1b8e","Microphone","URGENT","DEAD","3","41.55","downstream service unavailable","2026-06-02T11:18:13"
"2e576b7a-3a7e-4eea-bf78-91723bffc2c9","SSD","URGENT","DEAD","3","39.56","rate limit exceeded","2026-05-28T14:30:59"
"048838a0-2ad2-44dc-a95d-53d990169fb9","GPU","URGENT","DEAD","3","234.41","downstream service unavailable","2026-06-27T07:44:35"
"a6565989-91db-48fb-98ba-3aa6f8a0fa75","Thunderbolt Hub","URGENT","DEAD","3","105.09","timeout after 30s","2026-06-04T21:12:53"
"860adcf2-d384-4679-b717-ea95dba48bdb","4K Monitor","URGENT","DEAD","3","125.39","rate limit exceeded","2026-05-28T11:53:02"
"d6597456-7c93-4d46-a87f-62a1e2182661","Docking Station","URGENT","DEAD","3","90.87","downstream service unavailable","2026-06-15T04:24:50"
"e3f2f143-f82e-47d3-8425-bfc55011ea0b","GPU","URGENT","DEAD","3","302.93","invalid payment method","2026-06-13T07:59:03"
"27e11313-89eb-409c-ac47-5f70915083f1","USB-C Hub","URGENT","DEAD","3","3.66","invalid payment method","2026-06-11T08:44:13"
"47254025-9a51-41b7-9a58-cb72a0baf570","Thunderbolt Hub","URGENT","DEAD","3","33.87","downstream service unavailable","2026-06-01T12:45:33"
"8f20ce60-03df-471d-874b-dde1561fb08f","Headphones","URGENT","DEAD","3","51.53","downstream service unavailable","2026-06-21T05:49:29"